<?xml version="1.0" encoding="UTF-8"?>
<beans xmlns="http://www.springframework.org/schema/beans"
	xmlns:xsi="http://www.w3.org/2001/XMLSchema-instance" xmlns:context="http://www.springframework.org/schema/context"
	xmlns:util="http://www.springframework.org/schema/util"
	xsi:schemaLocation="http://www.springframework.org/schema/beans http://www.springframework.org/schema/beans/spring-beans.xsd
		http://www.springframework.org/schema/context http://www.springframework.org/schema/context/spring-context-4.3.xsd
		http://www.springframework.org/schema/util http://www.springframework.org/schema/util/spring-util-4.3.xsd">
	
	<import resource="classpath:statusCodes.xml" />
	
	<bean id="globalResponse" class="com.commerzbank.gdk.bns.model.GlobalResponseWrapper">
		<property name="responseMessageMap" ref="responseMap" />
		<property name="statusCodesMap" ref="statusCodes" />
	</bean>
	
	<util:map id="responseMap" map-class="">
		<entry key="400">
			<bean class="com.commerzbank.gdk.bns.model.Response">
				<constructor-arg type="Object" ref="errorMap" index="0" />
				<constructor-arg value="400" index="1" />
				<constructor-arg value="Bad Request" index="2" />
			</bean>
		</entry>
		<entry key="404">
			<bean class="com.commerzbank.gdk.bns.model.Response">
				<constructor-arg type="Object" ref="errorMap" index="0" />
				<constructor-arg value="404" index="1" />
				<constructor-arg value="Not Found" index="2" />
			</bean>
		</entry>
		<entry key="500">
			<bean class="com.commerzbank.gdk.bns.model.Response">
				<constructor-arg type="Object" ref="errorMap" index="0" />
				<constructor-arg value="500" index="1" />
				<constructor-arg value="Internal Server Error" index="2" />
			</bean>
		</entry>
		<entry key="503">
			<bean class="com.commerzbank.gdk.bns.model.Response">
				<constructor-arg type="Object" ref="errorMap" index="0" />
				<constructor-arg value="503" index="1" />
				<constructor-arg value="Service Unavailable" index="2" />
			</bean>
		</entry>
	</util:map>
	
	<bean id="errorMap" class="com.commerzbank.gdk.bns.model.ErrorMessage">
		<property name="technicalError" value="Es ist ein technischer Fehler aufgetreten." />
		<property name="contactList" ref="contactList" />
	</bean>
	
	<bean id="contactList" class="com.commerzbank.gdk.bns.model.ContactList">
		<property name="contact" ref="contactListMap" />
	</bean>

	<util:map id="contactListMap" map-class="">
		<entry key="contact">
			<value>069 / 98 66 00 33</value>
		</entry>
		<entry key="contact1">
			<value>069 / 50 50 27 86</value>
		</entry>
		<entry key="contact2">
			<value>069 / 66 57 19 99</value>
		</entry>
		<entry key="contact3">
			<value>01805 / 021 021*</value>
		</entry>
	</util:map>

	<bean id="globalEventType" class="com.commerzbank.gdk.bns.model.GlobalEventTypeWrapper">
		<property name="eventTypeMap" ref="EventTypeMap" />
	</bean>

	<util:map id="EventTypeMap" map-class="">
        <entry key="1001">
            <bean class="com.commerzbank.gdk.bns.model.EventType">
                <property name="type" value="1001"></property>
                <property name="objectType" value="ALL"></property>
                <property name="description" value="Toggle All Notification"></property>
            </bean>
        </entry>
        <entry key="1002">
            <bean class="com.commerzbank.gdk.bns.model.EventType">
                <property name="type" value="1002"></property>
                <property name="objectType" value="BENACH_KONFIG_VEREINBARUNG"></property>
                <property name="description" value="Toggle Individual Notification"></property>
            </bean>
        </entry>
        <entry key="1003">
            <bean class="com.commerzbank.gdk.bns.model.EventType">
                <property name="type" value="1003"></property>
                <property name="objectType" value="BENACH_KONFIG_VEREINBARUNG"></property>
                <property name="description" value="Update Notification Configuration E-mail Address"></property>
            </bean>
        </entry>
        <entry key="1004">
            <bean class="com.commerzbank.gdk.bns.model.EventType">
                <property name="type" value="1004"></property>
                <property name="objectType" value="BENACH_KONFIG_VEREINBARUNG"></property>
                <property name="description" value="Update Notification Configuration Text"></property>
            </bean>
        </entry>
        <entry key="1005">
            <bean class="com.commerzbank.gdk.bns.model.EventType">
                <property name="type" value="1005"></property>
                <property name="objectType" value="INFORMATIONS_KANAL"></property>
                <property name="description" value="Channel Type"></property>
            </bean>
        </entry>
        <entry key="1006">
            <bean class="com.commerzbank.gdk.bns.model.EventType">
                <property name="type" value="1006"></property>
                <property name="objectType" value="AUSLOSER"></property>
                <property name="description" value="Trigger Type"></property>
            </bean>
        </entry>
        <entry key="1007">
            <bean class="com.commerzbank.gdk.bns.model.EventType">
                <property name="type" value="1007"></property>
                <property name="objectType" value="BENACH_KONFIG_ALLE"></property>
                <property name="description" value="Update All Notification Configuration E-mail Address"></property>
            </bean>
        </entry>
        <entry key="1008">
            <bean class="com.commerzbank.gdk.bns.model.EventType">
                <property name="type" value="1008"></property>
                <property name="objectType" value="BENACH_KONFIG_PERSON"></property>
                <property name="description" value="Toggle Individual Notification"></property>
            </bean>
        </entry>
        <entry key="1009">
            <bean class="com.commerzbank.gdk.bns.model.EventType">
                <property name="type" value="1009"></property>
                <property name="objectType" value="BENACH_KONFIG_PERSON"></property>
                <property name="description" value="Update Notification Configuration Text"></property>
            </bean>
        </entry>
        <entry key="1010">
            <bean class="com.commerzbank.gdk.bns.model.EventType">
                <property name="type" value="1010"></property>
                <property name="objectType" value="BENACH_KONFIG_PERSON"></property>
                <property name="description" value="Update Notification Configuration E-mail Address"></property>
            </bean>
        </entry>
	</util:map>
</beans>
