<?xml version="1.0" encoding="UTF-8"?>
<configuration>

	<property name="DEV_HOME" value="/opt/WAS85/logs/GDK_A_ClusMem01" />

	<springProfile name="prod">
		<appender name="FILE-LOGGER"
			class="ch.qos.logback.core.rolling.RollingFileAppender">
			<file>${DEV_HOME}/BNS-Logs/bns-web.log</file>
			<encoder class="ch.qos.logback.classic.encoder.PatternLayoutEncoder">
				<pattern>
					%d{dd/MM/yyyy HH:mm:ss SSS} - %msg%n
				</pattern>
			</encoder>

			<rollingPolicy class="ch.qos.logback.core.rolling.TimeBasedRollingPolicy">
				<!-- rollover daily -->
				<fileNamePattern>${DEV_HOME}/BNS-Logs/bns-web.%d{dd-MM-yyyy}.%i.log
				</fileNamePattern>
				<timeBasedFileNamingAndTriggeringPolicy
					class="ch.qos.logback.core.rolling.SizeAndTimeBasedFNATP">
					<maxFileSize>10MB</maxFileSize>
				</timeBasedFileNamingAndTriggeringPolicy>
			</rollingPolicy>
		</appender>
		
		<!-- ZSL External Web Services Logs -->
		<appender name="ZSL-FILE-LOGGER"
			class="ch.qos.logback.core.rolling.RollingFileAppender">
			<file>${DEV_HOME}/ZSL-Logs/bns-zsl.log</file>
			<encoder class="ch.qos.logback.classic.encoder.PatternLayoutEncoder">
				<pattern>
					%d{dd/MM/yyyy HH:mm:ss SSS} - %msg%n
				</pattern>
			</encoder>

			<rollingPolicy class="ch.qos.logback.core.rolling.TimeBasedRollingPolicy">
				<!-- rollover daily -->
				<fileNamePattern>${DEV_HOME}/ZSL-Logs/bns-zsl.%d{dd-MM-yyyy}.%i.log
				</fileNamePattern>
				<timeBasedFileNamingAndTriggeringPolicy
					class="ch.qos.logback.core.rolling.SizeAndTimeBasedFNATP">
					<maxFileSize>10MB</maxFileSize>
				</timeBasedFileNamingAndTriggeringPolicy>
			</rollingPolicy>
		</appender>
		
		<!-- Required Notification Logs -->
		<appender name="ZSL-REQUIRED-FILE-LOGGER"
			class="ch.qos.logback.core.rolling.RollingFileAppender">
			<file>${DEV_HOME}/ZSL-Logs/bns-zsl-required.log</file>
			<encoder class="ch.qos.logback.classic.encoder.PatternLayoutEncoder">
				<pattern>
					%d{dd/MM/yyyy HH:mm:ss SSS} - %msg%n
				</pattern>
			</encoder>

			<rollingPolicy class="ch.qos.logback.core.rolling.TimeBasedRollingPolicy">
				<!-- rollover daily -->
				<fileNamePattern>${DEV_HOME}/ZSL-Logs/bns-zsl-required.%d{dd-MM-yyyy}.%i.log
				</fileNamePattern>
				<timeBasedFileNamingAndTriggeringPolicy
					class="ch.qos.logback.core.rolling.SizeAndTimeBasedFNATP">
					<maxFileSize>10MB</maxFileSize>
				</timeBasedFileNamingAndTriggeringPolicy>
			</rollingPolicy>
		</appender>
		
		<!-- All Back-end and Audit Logs -->
		<logger name="org.springframework.web" level="error" additivity="false">
			<appender-ref ref="FILE-LOGGER" />
		</logger>
		
		<logger name="com.commerzbank.gdk" level="info" additivity="false">
			<appender-ref ref="FILE-LOGGER" />
		</logger>
		
		<!-- ZSL External Web Services Logs -->
		<logger
			name="com.commerzbank.gdk.bns.controller.zsl"
			level="info" additivity="false">
			<appender-ref ref="ZSL-FILE-LOGGER" />
		</logger>
		
		<!-- Trigger and Notification Details Logs -->
		<logger
			name="com.commerzbank.gdk.bns.service.impl.NotificationServiceImpl"
			level="info" additivity="false">
			<appender-ref ref="ZSL-FILE-LOGGER" />
		</logger>
		
		<!-- Required Notification Logs -->
		<logger
              name="com.commerzbank.gdk.bns.service.impl.RequestForRequiredNotificationServiceImpl"
              level="info" additivity="false">
              <appender-ref ref="ZSL-REQUIRED-FILE-LOGGER" />
        </logger>
		
		<root level="error">
			<appender-ref ref="FILE-LOGGER" />
		</root>
	</springProfile>

	<springProfile name="dev">
		<appender name="CONSOLE" class="ch.qos.logback.core.ConsoleAppender">
			<layout class="ch.qos.logback.classic.PatternLayout">
				<pattern>
					%d{dd/MM/yyyy HH:mm:ss SSS} - %msg%n
				</pattern>
			</layout>
		</appender>

		<logger name="org.spingframework.web" level="error" additivity="false">
			<appender-ref ref="CONSOLE" />
		</logger>

		<logger name="com.commerzbank.gdk" level="info" additivity="false">
			<appender-ref ref="CONSOLE" />
		</logger>

		<root level="error">
			<appender-ref ref="CONSOLE" />
		</root>

	</springProfile>

	<!-- This will prevent logback for outputting its initialization status -->
	<statusListener class="ch.qos.logback.core.status.NopStatusListener" />

</configuration>