<?xml version="1.0" encoding="UTF-8"?>
<beans xmlns="http://www.springframework.org/schema/beans"
	xmlns:xsi="http://www.w3.org/2001/XMLSchema-instance" xmlns:context="http://www.springframework.org/schema/context"
	xmlns:util="http://www.springframework.org/schema/util"
	xsi:schemaLocation="http://www.springframework.org/schema/beans http://www.springframework.org/schema/beans/spring-beans.xsd
		http://www.springframework.org/schema/context http://www.springframework.org/schema/context/spring-context-4.3.xsd
		http://www.springframework.org/schema/util http://www.springframework.org/schema/util/spring-util-4.3.xsd">

	<util:map id="statusCodes" map-class="">
		<entry key="1001" value="Connection successful and results found." />
		<entry key="1002" value="Connection successful but no results found." />
		<entry key="1003" value="Connection successful but no person result found." />	
		<entry key="1004" value="Connection successful but no results for all notification config found." />
		<entry key="2001" value="General exception has occurred." />
		<entry key="2002" value="DataAccessException has occurred." />
		<entry key="2003" value="NullPointerException has occurred." />
		<entry key="2004" value="Data not found in database." />
		<entry key="3003" value="Failure in the overall function." />
	</util:map>
</beans>



